{
"Version":"version 1",
"Description":"Memory Config",
"CPU":"Hi2115",
"Application":"Standard",
"Items":[
               {
               "Name":"FLASH_PAGE_SIZE",
               "Value":8192
                },
               {
               "Name":"SEC_B_FLASH_REGION_LENGTH",
               "Value":73728
                },
                               {
               "Name":"PROT_A_FLASH_REGION_LENGTH",
               "Value":1171456
                },
                {
               "Name":"SEC_A_FLASH_REGION_LENGTH",
               "Value":90112
                },
                {
               "Name":"SC_RAM_LENGTH",
               "Value":18432
                },
                {
               "Name":"RC_RAM_LENGTH",
               "Value":188416
                },
                {
               "Name":"AC_RAM_LENGTH",
               "Value":65536
                },
                {
               "Name":"SUC_RAM_LENGTH",
               "Value":18432
                },
                {
               "Name":"AUC_RAM_LENGTH",
               "Value":0
                },
                {
               "Name":"TOTAL_RAM_LENGTH",
               "Value":294912
                }
        ]
}
